,url,sentiment,isExperiential,isPolitical,isInsult,topics
1595383532771311618,"https://docs.google.com/forms/d/e/1FAIpQLSffZugycOX3tUHW3uGhn5Cw0pj0fJDeIQf5oJ3EzZ-2vuj6Gg/viewform?entry.1274744182=https://twitter.com/seyhmusdincel47/status/1595383532771311618&entry.653903203=28220&usp=pp_url
",Positive,Yes,No,No,['Crime&justice']
1584177148797280257,"https://docs.google.com/forms/d/e/1FAIpQLSffZugycOX3tUHW3uGhn5Cw0pj0fJDeIQf5oJ3EzZ-2vuj6Gg/viewform?entry.1274744182=https://twitter.com/FatihDu96445650/status/1584177148797280257&entry.653903203=28220&usp=pp_url
",Negative,Yes,Yes,No,['Unemployment']
1584616236960583684,"https://docs.google.com/forms/d/e/1FAIpQLSffZugycOX3tUHW3uGhn5Cw0pj0fJDeIQf5oJ3EzZ-2vuj6Gg/viewform?entry.1274744182=https://twitter.com/mukkem1/status/1584616236960583684&entry.653903203=28220&usp=pp_url
",Neutral,No,Yes,No,"['Terrorism', 'Nationalsecurity']"
1589933651143589888,"https://docs.google.com/forms/d/e/1FAIpQLSffZugycOX3tUHW3uGhn5Cw0pj0fJDeIQf5oJ3EzZ-2vuj6Gg/viewform?entry.1274744182=https://twitter.com/ibrahim62843386/status/1589933651143589888&entry.653903203=28220&usp=pp_url
",Negative,No,Yes,No,['nan']
1588586462190391296,"https://docs.google.com/forms/d/e/1FAIpQLSffZugycOX3tUHW3uGhn5Cw0pj0fJDeIQf5oJ3EzZ-2vuj6Gg/viewform?entry.1274744182=https://twitter.com/nurguler98/status/1588586462190391296&entry.653903203=28220&usp=pp_url
",Neutral,Yes,Yes,No,['Unemployment']
1591974051752574976,"https://docs.google.com/forms/d/e/1FAIpQLSffZugycOX3tUHW3uGhn5Cw0pj0fJDeIQf5oJ3EzZ-2vuj6Gg/viewform?entry.1274744182=https://twitter.com/muratza70318762/status/1591974051752574976&entry.653903203=28220&usp=pp_url
",Negative,Yes,Yes,No,"['Corruption', 'Election', 'Terrorism']"
1391124241664331785,"https://docs.google.com/forms/d/e/1FAIpQLSffZugycOX3tUHW3uGhn5Cw0pj0fJDeIQf5oJ3EzZ-2vuj6Gg/viewform?entry.1274744182=https://twitter.com/ulanhicran/status/1391124241664331785&entry.653903203=28220&usp=pp_url
",Positive,Yes,No,No,['Sports']
1595540874095648770,"https://docs.google.com/forms/d/e/1FAIpQLSffZugycOX3tUHW3uGhn5Cw0pj0fJDeIQf5oJ3EzZ-2vuj6Gg/viewform?entry.1274744182=https://twitter.com/24saat_org/status/1595540874095648770&entry.653903203=28220&usp=pp_url
",Positive,No,Yes,No,"['News', 'Crime&justice']"
1589709369838821376,"https://docs.google.com/forms/d/e/1FAIpQLSffZugycOX3tUHW3uGhn5Cw0pj0fJDeIQf5oJ3EzZ-2vuj6Gg/viewform?entry.1274744182=https://twitter.com/merwebyrmm/status/1589709369838821376&entry.653903203=28220&usp=pp_url
",Negative,Yes,Yes,No,['Crime&justice']
1557327777988329472,"https://docs.google.com/forms/d/e/1FAIpQLSffZugycOX3tUHW3uGhn5Cw0pj0fJDeIQf5oJ3EzZ-2vuj6Gg/viewform?entry.1274744182=https://twitter.com/adnangnlkrmaz/status/1557327777988329472&entry.653903203=28220&usp=pp_url
",Neutral,Yes,Yes,No,['Election']
1596610538116911105,"https://docs.google.com/forms/d/e/1FAIpQLSffZugycOX3tUHW3uGhn5Cw0pj0fJDeIQf5oJ3EzZ-2vuj6Gg/viewform?entry.1274744182=https://twitter.com/hamus_h/status/1596610538116911105&entry.653903203=28220&usp=pp_url
",Negative,Yes,Yes,No,['Election']
1348219225429606400,"https://docs.google.com/forms/d/e/1FAIpQLSffZugycOX3tUHW3uGhn5Cw0pj0fJDeIQf5oJ3EzZ-2vuj6Gg/viewform?entry.1274744182=https://twitter.com/BiNYFB/status/1348219225429606400&entry.653903203=28220&usp=pp_url
",Neutral,Yes,No,No,['Music&TV']
1356926480605982728,"https://docs.google.com/forms/d/e/1FAIpQLSffZugycOX3tUHW3uGhn5Cw0pj0fJDeIQf5oJ3EzZ-2vuj6Gg/viewform?entry.1274744182=https://twitter.com/Mucahityilmz61/status/1356926480605982728&entry.653903203=28220&usp=pp_url
",Positive,Yes,No,No,['nan']
1588588820387069953,"https://docs.google.com/forms/d/e/1FAIpQLSffZugycOX3tUHW3uGhn5Cw0pj0fJDeIQf5oJ3EzZ-2vuj6Gg/viewform?entry.1274744182=https://twitter.com/akcantahir/status/1588588820387069953&entry.653903203=28220&usp=pp_url
",Positive,Yes,No,No,['nan']
1429475680241209348,"https://docs.google.com/forms/d/e/1FAIpQLSffZugycOX3tUHW3uGhn5Cw0pj0fJDeIQf5oJ3EzZ-2vuj6Gg/viewform?entry.1274744182=https://twitter.com/SirWayneRooney8/status/1429475680241209348&entry.653903203=28220&usp=pp_url
",Positive,Yes,No,No,['Sports']
1595039540804485120,"https://docs.google.com/forms/d/e/1FAIpQLSffZugycOX3tUHW3uGhn5Cw0pj0fJDeIQf5oJ3EzZ-2vuj6Gg/viewform?entry.1274744182=https://twitter.com/HalkBaskanlari/status/1595039540804485120&entry.653903203=28220&usp=pp_url
",Positive,Yes,No,No,['nan']
1588145547461918722,"https://docs.google.com/forms/d/e/1FAIpQLSffZugycOX3tUHW3uGhn5Cw0pj0fJDeIQf5oJ3EzZ-2vuj6Gg/viewform?entry.1274744182=https://twitter.com/edanurats/status/1588145547461918722&entry.653903203=28220&usp=pp_url
",Negative,Yes,Yes,No,"['Unemployment', 'Education']"
1576653232323317760,"https://docs.google.com/forms/d/e/1FAIpQLSffZugycOX3tUHW3uGhn5Cw0pj0fJDeIQf5oJ3EzZ-2vuj6Gg/viewform?entry.1274744182=https://twitter.com/beththemac/status/1576653232323317760&entry.653903203=28220&usp=pp_url
",Neutral,Yes,Yes,No,['Unemployment']
1584963729351127040,"https://docs.google.com/forms/d/e/1FAIpQLSffZugycOX3tUHW3uGhn5Cw0pj0fJDeIQf5oJ3EzZ-2vuj6Gg/viewform?entry.1274744182=https://twitter.com/lgngretmen1/status/1584963729351127040&entry.653903203=28220&usp=pp_url
",Neutral,Yes,Yes,No,['Unemployment']
1585848515351449600,"https://docs.google.com/forms/d/e/1FAIpQLSffZugycOX3tUHW3uGhn5Cw0pj0fJDeIQf5oJ3EzZ-2vuj6Gg/viewform?entry.1274744182=https://twitter.com/canergok_01/status/1585848515351449600&entry.653903203=28220&usp=pp_url
",Negative,Yes,Yes,No,"['Economy', 'Inflation&poverty']"
1577614995705274368,"https://docs.google.com/forms/d/e/1FAIpQLSffZugycOX3tUHW3uGhn5Cw0pj0fJDeIQf5oJ3EzZ-2vuj6Gg/viewform?entry.1274744182=https://twitter.com/IpekSamsum/status/1577614995705274368&entry.653903203=28220&usp=pp_url
",Positive,Yes,Yes,No,['nan']
1595775102658174977,"https://docs.google.com/forms/d/e/1FAIpQLSffZugycOX3tUHW3uGhn5Cw0pj0fJDeIQf5oJ3EzZ-2vuj6Gg/viewform?entry.1274744182=https://twitter.com/ASLAN101122/status/1595775102658174977&entry.653903203=28220&usp=pp_url
",Negative,Yes,Yes,No,"['Terrorism', 'Nationalsecurity']"
1591006608045543425,"https://docs.google.com/forms/d/e/1FAIpQLSffZugycOX3tUHW3uGhn5Cw0pj0fJDeIQf5oJ3EzZ-2vuj6Gg/viewform?entry.1274744182=https://twitter.com/derin_gsu/status/1591006608045543425&entry.653903203=28220&usp=pp_url
",Negative,Yes,Yes,Yes,['Election']
1367571642604544000,"https://docs.google.com/forms/d/e/1FAIpQLSffZugycOX3tUHW3uGhn5Cw0pj0fJDeIQf5oJ3EzZ-2vuj6Gg/viewform?entry.1274744182=https://twitter.com/BakiDiren/status/1367571642604544000&entry.653903203=28220&usp=pp_url
",Positive,Yes,No,No,['nan']
1595405962952642560,"https://docs.google.com/forms/d/e/1FAIpQLSffZugycOX3tUHW3uGhn5Cw0pj0fJDeIQf5oJ3EzZ-2vuj6Gg/viewform?entry.1274744182=https://twitter.com/Dogruhaber/status/1595405962952642560&entry.653903203=28220&usp=pp_url
",Neutral,No,No,No,['nan']
1593698159217221641,"https://docs.google.com/forms/d/e/1FAIpQLSffZugycOX3tUHW3uGhn5Cw0pj0fJDeIQf5oJ3EzZ-2vuj6Gg/viewform?entry.1274744182=https://twitter.com/Cesim45064504/status/1593698159217221641&entry.653903203=28220&usp=pp_url
",Negative,No,Yes,No,['nan']
1592506181133950977,"https://docs.google.com/forms/d/e/1FAIpQLSffZugycOX3tUHW3uGhn5Cw0pj0fJDeIQf5oJ3EzZ-2vuj6Gg/viewform?entry.1274744182=https://twitter.com/UnZulfikar/status/1592506181133950977&entry.653903203=28220&usp=pp_url
",Negative,Yes,Yes,No,['nan']
1419274271852044292,"https://docs.google.com/forms/d/e/1FAIpQLSffZugycOX3tUHW3uGhn5Cw0pj0fJDeIQf5oJ3EzZ-2vuj6Gg/viewform?entry.1274744182=https://twitter.com/serapdikmen35/status/1419274271852044292&entry.653903203=28220&usp=pp_url
",Positive,Yes,No,No,['nan']
1574347765718650881,"https://docs.google.com/forms/d/e/1FAIpQLSffZugycOX3tUHW3uGhn5Cw0pj0fJDeIQf5oJ3EzZ-2vuj6Gg/viewform?entry.1274744182=https://twitter.com/rafet4389ro/status/1574347765718650881&entry.653903203=28220&usp=pp_url
",Negative,Yes,Yes,Yes,['Terrorism']
1361011827463839748,"https://docs.google.com/forms/d/e/1FAIpQLSffZugycOX3tUHW3uGhn5Cw0pj0fJDeIQf5oJ3EzZ-2vuj6Gg/viewform?entry.1274744182=https://twitter.com/muhammedongider/status/1361011827463839748&entry.653903203=28220&usp=pp_url
",Positive,Yes,No,No,['Advertisement']
1549063761591521282,"https://docs.google.com/forms/d/e/1FAIpQLSffZugycOX3tUHW3uGhn5Cw0pj0fJDeIQf5oJ3EzZ-2vuj6Gg/viewform?entry.1274744182=https://twitter.com/NurhanBlbl/status/1549063761591521282&entry.653903203=28220&usp=pp_url
",Positive,Yes,Yes,No,['Inflation&poverty']
1585339414867488769,"https://docs.google.com/forms/d/e/1FAIpQLSffZugycOX3tUHW3uGhn5Cw0pj0fJDeIQf5oJ3EzZ-2vuj6Gg/viewform?entry.1274744182=https://twitter.com/bilalhotmailco6/status/1585339414867488769&entry.653903203=28220&usp=pp_url
",Negative,Yes,Yes,No,['Unemployment']
1568456213083324416,"https://docs.google.com/forms/d/e/1FAIpQLSffZugycOX3tUHW3uGhn5Cw0pj0fJDeIQf5oJ3EzZ-2vuj6Gg/viewform?entry.1274744182=https://twitter.com/sinan_tytk/status/1568456213083324416&entry.653903203=28220&usp=pp_url
",Neutral,Yes,Yes,No,['Unemployment']
1594377004975099907,"https://docs.google.com/forms/d/e/1FAIpQLSffZugycOX3tUHW3uGhn5Cw0pj0fJDeIQf5oJ3EzZ-2vuj6Gg/viewform?entry.1274744182=https://twitter.com/kubraku73626060/status/1594377004975099907&entry.653903203=28220&usp=pp_url
",Positive,Yes,Yes,No,['Unemployment']
1585688419098836992,"https://docs.google.com/forms/d/e/1FAIpQLSffZugycOX3tUHW3uGhn5Cw0pj0fJDeIQf5oJ3EzZ-2vuj6Gg/viewform?entry.1274744182=https://twitter.com/Emirhan19602141/status/1585688419098836992&entry.653903203=28220&usp=pp_url
",Negative,Yes,Yes,No,"['Economy', 'Inflation&poverty']"
1595871258985615361,"https://docs.google.com/forms/d/e/1FAIpQLSffZugycOX3tUHW3uGhn5Cw0pj0fJDeIQf5oJ3EzZ-2vuj6Gg/viewform?entry.1274744182=https://twitter.com/s_061974/status/1595871258985615361&entry.653903203=28220&usp=pp_url
",Negative,Yes,Yes,No,['Unemployment']
1431359581255618565,"https://docs.google.com/forms/d/e/1FAIpQLSffZugycOX3tUHW3uGhn5Cw0pj0fJDeIQf5oJ3EzZ-2vuj6Gg/viewform?entry.1274744182=https://twitter.com/6558240b/status/1431359581255618565&entry.653903203=28220&usp=pp_url
",Positive,Yes,No,No,['nan']
1419424359568089089,"https://docs.google.com/forms/d/e/1FAIpQLSffZugycOX3tUHW3uGhn5Cw0pj0fJDeIQf5oJ3EzZ-2vuj6Gg/viewform?entry.1274744182=https://twitter.com/BusraKuyben/status/1419424359568089089&entry.653903203=28220&usp=pp_url
",Positive,Yes,No,No,['nan']
1587169579209465856,"https://docs.google.com/forms/d/e/1FAIpQLSffZugycOX3tUHW3uGhn5Cw0pj0fJDeIQf5oJ3EzZ-2vuj6Gg/viewform?entry.1274744182=https://twitter.com/Meraklibiri20/status/1587169579209465856&entry.653903203=28220&usp=pp_url
",Neutral,Yes,Yes,No,['Unemployment']
1583743573337702400,"https://docs.google.com/forms/d/e/1FAIpQLSffZugycOX3tUHW3uGhn5Cw0pj0fJDeIQf5oJ3EzZ-2vuj6Gg/viewform?entry.1274744182=https://twitter.com/josephyoung33/status/1583743573337702400&entry.653903203=28220&usp=pp_url
",Negative,Yes,Yes,No,['Election']
1589370499452522496,"https://docs.google.com/forms/d/e/1FAIpQLSffZugycOX3tUHW3uGhn5Cw0pj0fJDeIQf5oJ3EzZ-2vuj6Gg/viewform?entry.1274744182=https://twitter.com/akyol_akyol1/status/1589370499452522496&entry.653903203=28220&usp=pp_url
",Negative,Yes,Yes,No,"['Democracy', 'Crime&justice']"
1596135655209312256,"https://docs.google.com/forms/d/e/1FAIpQLSffZugycOX3tUHW3uGhn5Cw0pj0fJDeIQf5oJ3EzZ-2vuj6Gg/viewform?entry.1274744182=https://twitter.com/cumhuriyetgzt/status/1596135655209312256&entry.653903203=28220&usp=pp_url
",Neutral,No,Yes,No,['News']
1590383065091932163,"https://docs.google.com/forms/d/e/1FAIpQLSffZugycOX3tUHW3uGhn5Cw0pj0fJDeIQf5oJ3EzZ-2vuj6Gg/viewform?entry.1274744182=https://twitter.com/uzayli_001/status/1590383065091932163&entry.653903203=28220&usp=pp_url
",Negative,Yes,No,No,['Health']
1593356509831958529,"https://docs.google.com/forms/d/e/1FAIpQLSffZugycOX3tUHW3uGhn5Cw0pj0fJDeIQf5oJ3EzZ-2vuj6Gg/viewform?entry.1274744182=https://twitter.com/Abdulla31995069/status/1593356509831958529&entry.653903203=28220&usp=pp_url
",Neutral,No,Yes,No,['Election']
1589962719356391424,"https://docs.google.com/forms/d/e/1FAIpQLSffZugycOX3tUHW3uGhn5Cw0pj0fJDeIQf5oJ3EzZ-2vuj6Gg/viewform?entry.1274744182=https://twitter.com/ayyildizm048/status/1589962719356391424&entry.653903203=28220&usp=pp_url
",Neutral,Yes,Yes,No,"['Unemployment', 'Nationalsecurity']"
1581901486040043520,"https://docs.google.com/forms/d/e/1FAIpQLSffZugycOX3tUHW3uGhn5Cw0pj0fJDeIQf5oJ3EzZ-2vuj6Gg/viewform?entry.1274744182=https://twitter.com/louishamilton44/status/1581901486040043520&entry.653903203=28220&usp=pp_url
",Neutral,No,No,No,['Sports']
1585581562778845185,"https://docs.google.com/forms/d/e/1FAIpQLSffZugycOX3tUHW3uGhn5Cw0pj0fJDeIQf5oJ3EzZ-2vuj6Gg/viewform?entry.1274744182=https://twitter.com/ozay35639140/status/1585581562778845185&entry.653903203=28220&usp=pp_url
",Neutral,Yes,Yes,No,['nan']
1400086678690226177,"https://docs.google.com/forms/d/e/1FAIpQLSffZugycOX3tUHW3uGhn5Cw0pj0fJDeIQf5oJ3EzZ-2vuj6Gg/viewform?entry.1274744182=https://twitter.com/eylul21sel/status/1400086678690226177&entry.653903203=28220&usp=pp_url
",Negative,Yes,No,No,['nan']
1552000764943499267,"https://docs.google.com/forms/d/e/1FAIpQLSffZugycOX3tUHW3uGhn5Cw0pj0fJDeIQf5oJ3EzZ-2vuj6Gg/viewform?entry.1274744182=https://twitter.com/a_resatelgin/status/1552000764943499267&entry.653903203=28220&usp=pp_url
",Negative,Yes,Yes,Yes,"['News', 'Economy']"
1420407025847132171,"https://docs.google.com/forms/d/e/1FAIpQLSffZugycOX3tUHW3uGhn5Cw0pj0fJDeIQf5oJ3EzZ-2vuj6Gg/viewform?entry.1274744182=https://twitter.com/btsmembo/status/1420407025847132171&entry.653903203=28220&usp=pp_url
",Neutral,No,No,No,['nan']
1430617268317196296,"https://docs.google.com/forms/d/e/1FAIpQLSffZugycOX3tUHW3uGhn5Cw0pj0fJDeIQf5oJ3EzZ-2vuj6Gg/viewform?entry.1274744182=https://twitter.com/sweetcreaturexv/status/1430617268317196296&entry.653903203=28220&usp=pp_url
",Neutral,No,No,No,['nan']
1596394245874647040,"https://docs.google.com/forms/d/e/1FAIpQLSffZugycOX3tUHW3uGhn5Cw0pj0fJDeIQf5oJ3EzZ-2vuj6Gg/viewform?entry.1274744182=https://twitter.com/efendi_inan/status/1596394245874647040&entry.653903203=28220&usp=pp_url
",Negative,No,Yes,No,['nan']
1571435041183657984,"https://docs.google.com/forms/d/e/1FAIpQLSffZugycOX3tUHW3uGhn5Cw0pj0fJDeIQf5oJ3EzZ-2vuj6Gg/viewform?entry.1274744182=https://twitter.com/hastacimbomlu57/status/1571435041183657984&entry.653903203=28220&usp=pp_url
",Negative,Yes,Yes,No,"['Crime&justice', 'Terrorism', 'Nationalsecurity']"
1591803125647970304,"https://docs.google.com/forms/d/e/1FAIpQLSffZugycOX3tUHW3uGhn5Cw0pj0fJDeIQf5oJ3EzZ-2vuj6Gg/viewform?entry.1274744182=https://twitter.com/1453_1923_2017/status/1591803125647970304&entry.653903203=28220&usp=pp_url
",Negative,No,Yes,No,"['Terrorism', 'Nationalsecurity']"
1390256086565928960,"https://docs.google.com/forms/d/e/1FAIpQLSffZugycOX3tUHW3uGhn5Cw0pj0fJDeIQf5oJ3EzZ-2vuj6Gg/viewform?entry.1274744182=https://twitter.com/AgacYakut/status/1390256086565928960&entry.653903203=28220&usp=pp_url
",Negative,No,No,No,['nan']
1591797089134338048,"https://docs.google.com/forms/d/e/1FAIpQLSffZugycOX3tUHW3uGhn5Cw0pj0fJDeIQf5oJ3EzZ-2vuj6Gg/viewform?entry.1274744182=https://twitter.com/15binparamedik/status/1591797089134338048&entry.653903203=28220&usp=pp_url
",Neutral,Yes,Yes,No,['Unemployment']
1596913711985217536,"https://docs.google.com/forms/d/e/1FAIpQLSffZugycOX3tUHW3uGhn5Cw0pj0fJDeIQf5oJ3EzZ-2vuj6Gg/viewform?entry.1274744182=https://twitter.com/ZiraatM47/status/1596913711985217536&entry.653903203=28220&usp=pp_url
",Neutral,Yes,Yes,No,['Unemployment']
1596211143386705920,"https://docs.google.com/forms/d/e/1FAIpQLSffZugycOX3tUHW3uGhn5Cw0pj0fJDeIQf5oJ3EzZ-2vuj6Gg/viewform?entry.1274744182=https://twitter.com/FurkanE14427467/status/1596211143386705920&entry.653903203=28220&usp=pp_url
",Neutral,Yes,Yes,No,['Unemployment']
1586021183958704128,"https://docs.google.com/forms/d/e/1FAIpQLSffZugycOX3tUHW3uGhn5Cw0pj0fJDeIQf5oJ3EzZ-2vuj6Gg/viewform?entry.1274744182=https://twitter.com/spytron/status/1586021183958704128&entry.653903203=28220&usp=pp_url
",Negative,Yes,Yes,No,"['Democracy', 'Election']"
1551299148883890176,"https://docs.google.com/forms/d/e/1FAIpQLSffZugycOX3tUHW3uGhn5Cw0pj0fJDeIQf5oJ3EzZ-2vuj6Gg/viewform?entry.1274744182=https://twitter.com/YolcusuFelsefe/status/1551299148883890176&entry.653903203=28220&usp=pp_url
",Neutral,Yes,Yes,No,['Unemployment']
1357987073286930433,"https://docs.google.com/forms/d/e/1FAIpQLSffZugycOX3tUHW3uGhn5Cw0pj0fJDeIQf5oJ3EzZ-2vuj6Gg/viewform?entry.1274744182=https://twitter.com/hanker_iran/status/1357987073286930433&entry.653903203=28220&usp=pp_url
",Positive,Yes,No,No,['Music&TV']
1388235183653011462,"https://docs.google.com/forms/d/e/1FAIpQLSffZugycOX3tUHW3uGhn5Cw0pj0fJDeIQf5oJ3EzZ-2vuj6Gg/viewform?entry.1274744182=https://twitter.com/tbzoc/status/1388235183653011462&entry.653903203=28220&usp=pp_url
",Neutral,No,No,No,['Sports']
1353390354729492480,"https://docs.google.com/forms/d/e/1FAIpQLSffZugycOX3tUHW3uGhn5Cw0pj0fJDeIQf5oJ3EzZ-2vuj6Gg/viewform?entry.1274744182=https://twitter.com/isik_muratt/status/1353390354729492480&entry.653903203=28220&usp=pp_url
",Positive,Yes,Yes,No,['Election']
1393529172086173696,"https://docs.google.com/forms/d/e/1FAIpQLSffZugycOX3tUHW3uGhn5Cw0pj0fJDeIQf5oJ3EzZ-2vuj6Gg/viewform?entry.1274744182=https://twitter.com/Hsyngrlr59/status/1393529172086173696&entry.653903203=28220&usp=pp_url
",Neutral,No,No,No,['News']
1397257623548964864,"https://docs.google.com/forms/d/e/1FAIpQLSffZugycOX3tUHW3uGhn5Cw0pj0fJDeIQf5oJ3EzZ-2vuj6Gg/viewform?entry.1274744182=https://twitter.com/bunyamin_KILIC/status/1397257623548964864&entry.653903203=28220&usp=pp_url
",Neutral,Yes,No,No,['Sports']
1591428928673284098,"https://docs.google.com/forms/d/e/1FAIpQLSffZugycOX3tUHW3uGhn5Cw0pj0fJDeIQf5oJ3EzZ-2vuj6Gg/viewform?entry.1274744182=https://twitter.com/Allahvargamy/status/1591428928673284098&entry.653903203=28220&usp=pp_url
",Negative,Yes,Yes,Yes,"['Democracy', 'Election']"
1583882190051364868,"https://docs.google.com/forms/d/e/1FAIpQLSffZugycOX3tUHW3uGhn5Cw0pj0fJDeIQf5oJ3EzZ-2vuj6Gg/viewform?entry.1274744182=https://twitter.com/Nurulla24737343/status/1583882190051364868&entry.653903203=28220&usp=pp_url
",Negative,Yes,No,No,['Democracy']
1551163840368414722,"https://docs.google.com/forms/d/e/1FAIpQLSffZugycOX3tUHW3uGhn5Cw0pj0fJDeIQf5oJ3EzZ-2vuj6Gg/viewform?entry.1274744182=https://twitter.com/SED58417690/status/1551163840368414722&entry.653903203=28220&usp=pp_url
",Neutral,Yes,Yes,No,['Unemployment']
1588452263047069697,"https://docs.google.com/forms/d/e/1FAIpQLSffZugycOX3tUHW3uGhn5Cw0pj0fJDeIQf5oJ3EzZ-2vuj6Gg/viewform?entry.1274744182=https://twitter.com/mtfdan/status/1588452263047069697&entry.653903203=28220&usp=pp_url
",Negative,Yes,Yes,Yes,"['Religion', 'Minorities&discrimination']"
1585593220037238784,"https://docs.google.com/forms/d/e/1FAIpQLSffZugycOX3tUHW3uGhn5Cw0pj0fJDeIQf5oJ3EzZ-2vuj6Gg/viewform?entry.1274744182=https://twitter.com/Mehmetyigit633/status/1585593220037238784&entry.653903203=28220&usp=pp_url
",Positive,Yes,No,No,['nan']
1588859554128969728,"https://docs.google.com/forms/d/e/1FAIpQLSffZugycOX3tUHW3uGhn5Cw0pj0fJDeIQf5oJ3EzZ-2vuj6Gg/viewform?entry.1274744182=https://twitter.com/Horlernreywerju/status/1588859554128969728&entry.653903203=28220&usp=pp_url
",Neutral,No,No,No,['nan']
1588044552836993024,"https://docs.google.com/forms/d/e/1FAIpQLSffZugycOX3tUHW3uGhn5Cw0pj0fJDeIQf5oJ3EzZ-2vuj6Gg/viewform?entry.1274744182=https://twitter.com/EkremAl80853214/status/1588044552836993024&entry.653903203=28220&usp=pp_url
",Neutral,Yes,Yes,Yes,"['Immigration&refugees', 'Minorities&discrimination']"
1594352902197354499,"https://docs.google.com/forms/d/e/1FAIpQLSffZugycOX3tUHW3uGhn5Cw0pj0fJDeIQf5oJ3EzZ-2vuj6Gg/viewform?entry.1274744182=https://twitter.com/mehay97/status/1594352902197354499&entry.653903203=28220&usp=pp_url
",Neutral,Yes,Yes,No,"['Unemployment', 'Education']"
1416690240841035777,"https://docs.google.com/forms/d/e/1FAIpQLSffZugycOX3tUHW3uGhn5Cw0pj0fJDeIQf5oJ3EzZ-2vuj6Gg/viewform?entry.1274744182=https://twitter.com/seongnishwa/status/1416690240841035777&entry.653903203=28220&usp=pp_url
",Positive,Yes,No,No,['Music&TV']
1367066478965587969,"https://docs.google.com/forms/d/e/1FAIpQLSffZugycOX3tUHW3uGhn5Cw0pj0fJDeIQf5oJ3EzZ-2vuj6Gg/viewform?entry.1274744182=https://twitter.com/handedogantan/status/1367066478965587969&entry.653903203=28220&usp=pp_url
",Neutral,No,No,No,['nan']
1583543964937818112,"https://docs.google.com/forms/d/e/1FAIpQLSffZugycOX3tUHW3uGhn5Cw0pj0fJDeIQf5oJ3EzZ-2vuj6Gg/viewform?entry.1274744182=https://twitter.com/celilll67/status/1583543964937818112&entry.653903203=28220&usp=pp_url
",Negative,Yes,Yes,Yes,['Minorities&discrimination']
1596853114707259392,"https://docs.google.com/forms/d/e/1FAIpQLSffZugycOX3tUHW3uGhn5Cw0pj0fJDeIQf5oJ3EzZ-2vuj6Gg/viewform?entry.1274744182=https://twitter.com/zynpmns/status/1596853114707259392&entry.653903203=28220&usp=pp_url
",Neutral,Yes,Yes,No,['Unemployment']
1571966189764579332,"https://docs.google.com/forms/d/e/1FAIpQLSffZugycOX3tUHW3uGhn5Cw0pj0fJDeIQf5oJ3EzZ-2vuj6Gg/viewform?entry.1274744182=https://twitter.com/ghostsolgiers/status/1571966189764579332&entry.653903203=28220&usp=pp_url
",Negative,Yes,Yes,No,['Education']
1596501798839549953,"https://docs.google.com/forms/d/e/1FAIpQLSffZugycOX3tUHW3uGhn5Cw0pj0fJDeIQf5oJ3EzZ-2vuj6Gg/viewform?entry.1274744182=https://twitter.com/betl2_mina/status/1596501798839549953&entry.653903203=28220&usp=pp_url
",Negative,Yes,Yes,No,['nan']
1552352049433657346,"https://docs.google.com/forms/d/e/1FAIpQLSffZugycOX3tUHW3uGhn5Cw0pj0fJDeIQf5oJ3EzZ-2vuj6Gg/viewform?entry.1274744182=https://twitter.com/sari1_r/status/1552352049433657346&entry.653903203=28220&usp=pp_url
",Positive,Yes,Yes,No,['Unemployment']
1382027486217781252,"https://docs.google.com/forms/d/e/1FAIpQLSffZugycOX3tUHW3uGhn5Cw0pj0fJDeIQf5oJ3EzZ-2vuj6Gg/viewform?entry.1274744182=https://twitter.com/PandaYavrusuu/status/1382027486217781252&entry.653903203=28220&usp=pp_url
",Neutral,No,No,No,['nan']
1567256445179117570,"https://docs.google.com/forms/d/e/1FAIpQLSffZugycOX3tUHW3uGhn5Cw0pj0fJDeIQf5oJ3EzZ-2vuj6Gg/viewform?entry.1274744182=https://twitter.com/mynet/status/1567256445179117570&entry.653903203=28220&usp=pp_url
",Neutral,No,Yes,No,"['News', 'Nationalsecurity', 'Foreignpolicy']"
1588915997859545089,"https://docs.google.com/forms/d/e/1FAIpQLSffZugycOX3tUHW3uGhn5Cw0pj0fJDeIQf5oJ3EzZ-2vuj6Gg/viewform?entry.1274744182=https://twitter.com/MalcokFatih/status/1588915997859545089&entry.653903203=28220&usp=pp_url
",Neutral,Yes,No,No,['Nationalsecurity']
1586252732326879232,"https://docs.google.com/forms/d/e/1FAIpQLSffZugycOX3tUHW3uGhn5Cw0pj0fJDeIQf5oJ3EzZ-2vuj6Gg/viewform?entry.1274744182=https://twitter.com/ahmetzenbilci/status/1586252732326879232&entry.653903203=28220&usp=pp_url
",Positive,No,No,No,['Democracy']
1589660884691210240,"https://docs.google.com/forms/d/e/1FAIpQLSffZugycOX3tUHW3uGhn5Cw0pj0fJDeIQf5oJ3EzZ-2vuj6Gg/viewform?entry.1274744182=https://twitter.com/Teansu21/status/1589660884691210240&entry.653903203=28220&usp=pp_url
",Neutral,Yes,Yes,No,['Unemployment']
1365726640416976906,"https://docs.google.com/forms/d/e/1FAIpQLSffZugycOX3tUHW3uGhn5Cw0pj0fJDeIQf5oJ3EzZ-2vuj6Gg/viewform?entry.1274744182=https://twitter.com/minminsoz/status/1365726640416976906&entry.653903203=28220&usp=pp_url
",Neutral,No,No,No,['nan']
1594246341969985544,"https://docs.google.com/forms/d/e/1FAIpQLSffZugycOX3tUHW3uGhn5Cw0pj0fJDeIQf5oJ3EzZ-2vuj6Gg/viewform?entry.1274744182=https://twitter.com/ibrahimavcu10/status/1594246341969985544&entry.653903203=28220&usp=pp_url
",Neutral,No,No,No,['nan']
1585332901025001472,"https://docs.google.com/forms/d/e/1FAIpQLSffZugycOX3tUHW3uGhn5Cw0pj0fJDeIQf5oJ3EzZ-2vuj6Gg/viewform?entry.1274744182=https://twitter.com/edebifelsefe0/status/1585332901025001472&entry.653903203=28220&usp=pp_url
",Neutral,No,No,No,['nan']
1592120408073203712,"https://docs.google.com/forms/d/e/1FAIpQLSffZugycOX3tUHW3uGhn5Cw0pj0fJDeIQf5oJ3EzZ-2vuj6Gg/viewform?entry.1274744182=https://twitter.com/shingensbanner/status/1592120408073203712&entry.653903203=28220&usp=pp_url
",Negative,Yes,Yes,Yes,['nan']
1551123474315464704,"https://docs.google.com/forms/d/e/1FAIpQLSffZugycOX3tUHW3uGhn5Cw0pj0fJDeIQf5oJ3EzZ-2vuj6Gg/viewform?entry.1274744182=https://twitter.com/ensonhaber/status/1551123474315464704&entry.653903203=28220&usp=pp_url
",Neutral,No,Yes,No,"['News', 'Democracy']"
1565312596135354373,"https://docs.google.com/forms/d/e/1FAIpQLSffZugycOX3tUHW3uGhn5Cw0pj0fJDeIQf5oJ3EzZ-2vuj6Gg/viewform?entry.1274744182=https://twitter.com/Nursela60044416/status/1565312596135354373&entry.653903203=28220&usp=pp_url
",Positive,Yes,Yes,No,['nan']
1567137357110861827,"https://docs.google.com/forms/d/e/1FAIpQLSffZugycOX3tUHW3uGhn5Cw0pj0fJDeIQf5oJ3EzZ-2vuj6Gg/viewform?entry.1274744182=https://twitter.com/DevrimKRDLN/status/1567137357110861827&entry.653903203=28220&usp=pp_url
",Neutral,Yes,Yes,No,['Unemployment']
1345776926674350083,"https://docs.google.com/forms/d/e/1FAIpQLSffZugycOX3tUHW3uGhn5Cw0pj0fJDeIQf5oJ3EzZ-2vuj6Gg/viewform?entry.1274744182=https://twitter.com/eys1903/status/1345776926674350083&entry.653903203=28220&usp=pp_url
",Neutral,Yes,No,No,['nan']
1564926450096013313,"https://docs.google.com/forms/d/e/1FAIpQLSffZugycOX3tUHW3uGhn5Cw0pj0fJDeIQf5oJ3EzZ-2vuj6Gg/viewform?entry.1274744182=https://twitter.com/sbolusonsoz/status/1564926450096013313&entry.653903203=28220&usp=pp_url
",Neutral,No,No,No,['News']
1585567209119703040,"https://docs.google.com/forms/d/e/1FAIpQLSffZugycOX3tUHW3uGhn5Cw0pj0fJDeIQf5oJ3EzZ-2vuj6Gg/viewform?entry.1274744182=https://twitter.com/___kuralsiz__/status/1585567209119703040&entry.653903203=28220&usp=pp_url
",Negative,No,Yes,No,['nan']
1578448632533028865,"https://docs.google.com/forms/d/e/1FAIpQLSffZugycOX3tUHW3uGhn5Cw0pj0fJDeIQf5oJ3EzZ-2vuj6Gg/viewform?entry.1274744182=https://twitter.com/osman43026850/status/1578448632533028865&entry.653903203=28220&usp=pp_url
",Neutral,Yes,Yes,No,"['Inflation&poverty', 'Unemployment']"
1548636597628899328,"https://docs.google.com/forms/d/e/1FAIpQLSffZugycOX3tUHW3uGhn5Cw0pj0fJDeIQf5oJ3EzZ-2vuj6Gg/viewform?entry.1274744182=https://twitter.com/canbulut3460/status/1548636597628899328&entry.653903203=28220&usp=pp_url
",Neutral,No,Yes,No,['nan']
1408106949602856962,"https://docs.google.com/forms/d/e/1FAIpQLSffZugycOX3tUHW3uGhn5Cw0pj0fJDeIQf5oJ3EzZ-2vuj6Gg/viewform?entry.1274744182=https://twitter.com/kmarasilmem/status/1408106949602856962&entry.653903203=28220&usp=pp_url
",Neutral,No,No,No,"['News', 'Health']"
1355913460144627719,"https://docs.google.com/forms/d/e/1FAIpQLSffZugycOX3tUHW3uGhn5Cw0pj0fJDeIQf5oJ3EzZ-2vuj6Gg/viewform?entry.1274744182=https://twitter.com/A_72_ist/status/1355913460144627719&entry.653903203=28220&usp=pp_url
",Negative,Yes,Yes,No,['nan']
1395088677236142088,"https://docs.google.com/forms/d/e/1FAIpQLSffZugycOX3tUHW3uGhn5Cw0pj0fJDeIQf5oJ3EzZ-2vuj6Gg/viewform?entry.1274744182=https://twitter.com/Aasaf75607226/status/1395088677236142088&entry.653903203=28220&usp=pp_url
",Neutral,No,Yes,No,['nan']
1583869471067754498,"https://docs.google.com/forms/d/e/1FAIpQLSffZugycOX3tUHW3uGhn5Cw0pj0fJDeIQf5oJ3EzZ-2vuj6Gg/viewform?entry.1274744182=https://twitter.com/Filozoofkral/status/1583869471067754498&entry.653903203=28220&usp=pp_url
",Neutral,No,Yes,No,['nan']
1585766233491886081,"https://docs.google.com/forms/d/e/1FAIpQLSffZugycOX3tUHW3uGhn5Cw0pj0fJDeIQf5oJ3EzZ-2vuj6Gg/viewform?entry.1274744182=https://twitter.com/ekalkanli2023/status/1585766233491886081&entry.653903203=28220&usp=pp_url
",Negative,No,Yes,No,"['Corruption', 'Crime&justice', 'Terrorism']"
1569589330544398336,"https://docs.google.com/forms/d/e/1FAIpQLSffZugycOX3tUHW3uGhn5Cw0pj0fJDeIQf5oJ3EzZ-2vuj6Gg/viewform?entry.1274744182=https://twitter.com/AhSuCilginUzman/status/1569589330544398336&entry.653903203=28220&usp=pp_url
",Neutral,Yes,Yes,No,"['Unemployment', 'Nationalsecurity']"
1586126909745905665,"https://docs.google.com/forms/d/e/1FAIpQLSffZugycOX3tUHW3uGhn5Cw0pj0fJDeIQf5oJ3EzZ-2vuj6Gg/viewform?entry.1274744182=https://twitter.com/Sara_Ha_30/status/1586126909745905665&entry.653903203=28220&usp=pp_url
",Positive,Yes,Yes,No,['nan']
1597109734318178304,"https://docs.google.com/forms/d/e/1FAIpQLSffZugycOX3tUHW3uGhn5Cw0pj0fJDeIQf5oJ3EzZ-2vuj6Gg/viewform?entry.1274744182=https://twitter.com/hurittac/status/1597109734318178304&entry.653903203=28220&usp=pp_url
",Neutral,No,No,No,['nan']
1427339600083791885,"https://docs.google.com/forms/d/e/1FAIpQLSffZugycOX3tUHW3uGhn5Cw0pj0fJDeIQf5oJ3EzZ-2vuj6Gg/viewform?entry.1274744182=https://twitter.com/YunusGn52/status/1427339600083791885&entry.653903203=28220&usp=pp_url
",Neutral,Yes,No,No,['Sports']
1595116811280080897,"https://docs.google.com/forms/d/e/1FAIpQLSffZugycOX3tUHW3uGhn5Cw0pj0fJDeIQf5oJ3EzZ-2vuj6Gg/viewform?entry.1274744182=https://twitter.com/bendenyanadur_c/status/1595116811280080897&entry.653903203=28220&usp=pp_url
",Neutral,Yes,Yes,No,"['Democracy', 'Election']"
1434787703783051264,"https://docs.google.com/forms/d/e/1FAIpQLSffZugycOX3tUHW3uGhn5Cw0pj0fJDeIQf5oJ3EzZ-2vuj6Gg/viewform?entry.1274744182=https://twitter.com/jerviajeon/status/1434787703783051264&entry.653903203=28220&usp=pp_url
",Neutral,Yes,No,No,['nan']
1595758545068244993,"https://docs.google.com/forms/d/e/1FAIpQLSffZugycOX3tUHW3uGhn5Cw0pj0fJDeIQf5oJ3EzZ-2vuj6Gg/viewform?entry.1274744182=https://twitter.com/ekinyolcu2/status/1595758545068244993&entry.653903203=28220&usp=pp_url
",Neutral,Yes,Yes,No,['Unemployment']
1432724223659855882,"https://docs.google.com/forms/d/e/1FAIpQLSffZugycOX3tUHW3uGhn5Cw0pj0fJDeIQf5oJ3EzZ-2vuj6Gg/viewform?entry.1274744182=https://twitter.com/egesouth/status/1432724223659855882&entry.653903203=28220&usp=pp_url
",Positive,Yes,No,No,['nan']
1584407892798885888,"https://docs.google.com/forms/d/e/1FAIpQLSffZugycOX3tUHW3uGhn5Cw0pj0fJDeIQf5oJ3EzZ-2vuj6Gg/viewform?entry.1274744182=https://twitter.com/TUNA25669073/status/1584407892798885888&entry.653903203=28220&usp=pp_url
",Neutral,No,Yes,No,['nan']
1595460157361848320,"https://docs.google.com/forms/d/e/1FAIpQLSffZugycOX3tUHW3uGhn5Cw0pj0fJDeIQf5oJ3EzZ-2vuj6Gg/viewform?entry.1274744182=https://twitter.com/Tevfik4155/status/1595460157361848320&entry.653903203=28220&usp=pp_url
",Positive,No,Yes,No,['nan']
1401852407236149249,"https://docs.google.com/forms/d/e/1FAIpQLSffZugycOX3tUHW3uGhn5Cw0pj0fJDeIQf5oJ3EzZ-2vuj6Gg/viewform?entry.1274744182=https://twitter.com/FatmaGumus20/status/1401852407236149249&entry.653903203=28220&usp=pp_url
",Neutral,No,Yes,No,['nan']
1585581040608870400,"https://docs.google.com/forms/d/e/1FAIpQLSffZugycOX3tUHW3uGhn5Cw0pj0fJDeIQf5oJ3EzZ-2vuj6Gg/viewform?entry.1274744182=https://twitter.com/kitap_dostu12/status/1585581040608870400&entry.653903203=28220&usp=pp_url
",Neutral,No,Yes,No,['nan']
1597512443328167936,"https://docs.google.com/forms/d/e/1FAIpQLSffZugycOX3tUHW3uGhn5Cw0pj0fJDeIQf5oJ3EzZ-2vuj6Gg/viewform?entry.1274744182=https://twitter.com/MehmetA41362904/status/1597512443328167936&entry.653903203=28220&usp=pp_url
",Negative,No,Yes,No,['Corruption']
1383301515725578240,"https://docs.google.com/forms/d/e/1FAIpQLSffZugycOX3tUHW3uGhn5Cw0pj0fJDeIQf5oJ3EzZ-2vuj6Gg/viewform?entry.1274744182=https://twitter.com/ali286143/status/1383301515725578240&entry.653903203=28220&usp=pp_url
",Neutral,Yes,No,No,['nan']
1559256770991775747,"https://docs.google.com/forms/d/e/1FAIpQLSffZugycOX3tUHW3uGhn5Cw0pj0fJDeIQf5oJ3EzZ-2vuj6Gg/viewform?entry.1274744182=https://twitter.com/ALEkberAkyol1/status/1559256770991775747&entry.653903203=28220&usp=pp_url
",Neutral,Yes,Yes,No,['Crime&justice']
1385653750199726083,"https://docs.google.com/forms/d/e/1FAIpQLSffZugycOX3tUHW3uGhn5Cw0pj0fJDeIQf5oJ3EzZ-2vuj6Gg/viewform?entry.1274744182=https://twitter.com/tuvvvvba/status/1385653750199726083&entry.653903203=28220&usp=pp_url
",Neutral,Yes,No,No,['Education']
1593897399898054656,"https://docs.google.com/forms/d/e/1FAIpQLSffZugycOX3tUHW3uGhn5Cw0pj0fJDeIQf5oJ3EzZ-2vuj6Gg/viewform?entry.1274744182=https://twitter.com/Ahmet97478187/status/1593897399898054656&entry.653903203=28220&usp=pp_url
",Neutral,Yes,Yes,No,['Election']
1590041270893760513,"https://docs.google.com/forms/d/e/1FAIpQLSffZugycOX3tUHW3uGhn5Cw0pj0fJDeIQf5oJ3EzZ-2vuj6Gg/viewform?entry.1274744182=https://twitter.com/Havvanu40248846/status/1590041270893760513&entry.653903203=28220&usp=pp_url
",Neutral,Yes,Yes,No,['Unemployment']
1595108238919438338,"https://docs.google.com/forms/d/e/1FAIpQLSffZugycOX3tUHW3uGhn5Cw0pj0fJDeIQf5oJ3EzZ-2vuj6Gg/viewform?entry.1274744182=https://twitter.com/ElbirEda/status/1595108238919438338&entry.653903203=28220&usp=pp_url
",Neutral,Yes,Yes,No,['Unemployment']
1588538849986510848,"https://docs.google.com/forms/d/e/1FAIpQLSffZugycOX3tUHW3uGhn5Cw0pj0fJDeIQf5oJ3EzZ-2vuj6Gg/viewform?entry.1274744182=https://twitter.com/__Bktnc53/status/1588538849986510848&entry.653903203=28220&usp=pp_url
",Neutral,Yes,Yes,No,['Unemployment']
1417490640275922950,"https://docs.google.com/forms/d/e/1FAIpQLSffZugycOX3tUHW3uGhn5Cw0pj0fJDeIQf5oJ3EzZ-2vuj6Gg/viewform?entry.1274744182=https://twitter.com/melcebarnes/status/1417490640275922950&entry.653903203=28220&usp=pp_url
",Neutral,Yes,No,No,['nan']
1555829361743380480,"https://docs.google.com/forms/d/e/1FAIpQLSffZugycOX3tUHW3uGhn5Cw0pj0fJDeIQf5oJ3EzZ-2vuj6Gg/viewform?entry.1274744182=https://twitter.com/muhammedcalisal/status/1555829361743380480&entry.653903203=28220&usp=pp_url
",Neutral,No,No,No,['nan']
1585634359612420101,"https://docs.google.com/forms/d/e/1FAIpQLSffZugycOX3tUHW3uGhn5Cw0pj0fJDeIQf5oJ3EzZ-2vuj6Gg/viewform?entry.1274744182=https://twitter.com/mustafasenol45/status/1585634359612420101&entry.653903203=28220&usp=pp_url
",Negative,No,Yes,No,"['Corruption', 'Democracy']"
1426439614873673728,"https://docs.google.com/forms/d/e/1FAIpQLSffZugycOX3tUHW3uGhn5Cw0pj0fJDeIQf5oJ3EzZ-2vuj6Gg/viewform?entry.1274744182=https://twitter.com/nizamkul/status/1426439614873673728&entry.653903203=28220&usp=pp_url
",Positive,No,No,No,['nan']
1550454985158164480,"https://docs.google.com/forms/d/e/1FAIpQLSffZugycOX3tUHW3uGhn5Cw0pj0fJDeIQf5oJ3EzZ-2vuj6Gg/viewform?entry.1274744182=https://twitter.com/muhammetttunc/status/1550454985158164480&entry.653903203=28220&usp=pp_url
",Positive,No,Yes,No,['nan']
1590658982997561344,"https://docs.google.com/forms/d/e/1FAIpQLSffZugycOX3tUHW3uGhn5Cw0pj0fJDeIQf5oJ3EzZ-2vuj6Gg/viewform?entry.1274744182=https://twitter.com/700mesut/status/1590658982997561344&entry.653903203=28220&usp=pp_url
",Negative,No,Yes,No,['nan']
1590334994014052352,"https://docs.google.com/forms/d/e/1FAIpQLSffZugycOX3tUHW3uGhn5Cw0pj0fJDeIQf5oJ3EzZ-2vuj6Gg/viewform?entry.1274744182=https://twitter.com/Bilmem33_33/status/1590334994014052352&entry.653903203=28220&usp=pp_url
",Neutral,Yes,Yes,No,['Unemployment']
1590290393396301824,"https://docs.google.com/forms/d/e/1FAIpQLSffZugycOX3tUHW3uGhn5Cw0pj0fJDeIQf5oJ3EzZ-2vuj6Gg/viewform?entry.1274744182=https://twitter.com/mimar1453/status/1590290393396301824&entry.653903203=28220&usp=pp_url
",Neutral,Yes,Yes,No,['Unemployment']
1597914537449005056,"https://docs.google.com/forms/d/e/1FAIpQLSffZugycOX3tUHW3uGhn5Cw0pj0fJDeIQf5oJ3EzZ-2vuj6Gg/viewform?entry.1274744182=https://twitter.com/KadirHseyinOky1/status/1597914537449005056&entry.653903203=28220&usp=pp_url
",Neutral,No,No,No,['nan']
1416392646566744065,"https://docs.google.com/forms/d/e/1FAIpQLSffZugycOX3tUHW3uGhn5Cw0pj0fJDeIQf5oJ3EzZ-2vuj6Gg/viewform?entry.1274744182=https://twitter.com/acunadir19/status/1416392646566744065&entry.653903203=28220&usp=pp_url
",Neutral,No,No,No,['Health']
1570428119609139201,"https://docs.google.com/forms/d/e/1FAIpQLSffZugycOX3tUHW3uGhn5Cw0pj0fJDeIQf5oJ3EzZ-2vuj6Gg/viewform?entry.1274744182=https://twitter.com/HamitElKelle/status/1570428119609139201&entry.653903203=28220&usp=pp_url
",Negative,No,Yes,No,['Foreignpolicy']
1579558096833511424,"https://docs.google.com/forms/d/e/1FAIpQLSffZugycOX3tUHW3uGhn5Cw0pj0fJDeIQf5oJ3EzZ-2vuj6Gg/viewform?entry.1274744182=https://twitter.com/hiranur55508054/status/1579558096833511424&entry.653903203=28220&usp=pp_url
",Neutral,Yes,Yes,No,['Unemployment']
1427746815420604417,"https://docs.google.com/forms/d/e/1FAIpQLSffZugycOX3tUHW3uGhn5Cw0pj0fJDeIQf5oJ3EzZ-2vuj6Gg/viewform?entry.1274744182=https://twitter.com/venxzhan/status/1427746815420604417&entry.653903203=28220&usp=pp_url
",Negative,No,No,No,['Music&TV']
1588963694947766273,"https://docs.google.com/forms/d/e/1FAIpQLSffZugycOX3tUHW3uGhn5Cw0pj0fJDeIQf5oJ3EzZ-2vuj6Gg/viewform?entry.1274744182=https://twitter.com/ZahideGr1/status/1588963694947766273&entry.653903203=28220&usp=pp_url
",Positive,No,No,No,['nan']
1353655472100765696,"https://docs.google.com/forms/d/e/1FAIpQLSffZugycOX3tUHW3uGhn5Cw0pj0fJDeIQf5oJ3EzZ-2vuj6Gg/viewform?entry.1274744182=https://twitter.com/lcvalntyne/status/1353655472100765696&entry.653903203=28220&usp=pp_url
",Neutral,No,No,No,['nan']
1403495436502065158,"https://docs.google.com/forms/d/e/1FAIpQLSffZugycOX3tUHW3uGhn5Cw0pj0fJDeIQf5oJ3EzZ-2vuj6Gg/viewform?entry.1274744182=https://twitter.com/HakanKa64609422/status/1403495436502065158&entry.653903203=28220&usp=pp_url
",Neutral,Yes,No,No,['Sports']
1402705898645172226,"https://docs.google.com/forms/d/e/1FAIpQLSffZugycOX3tUHW3uGhn5Cw0pj0fJDeIQf5oJ3EzZ-2vuj6Gg/viewform?entry.1274744182=https://twitter.com/Mesala32460555/status/1402705898645172226&entry.653903203=28220&usp=pp_url
",Neutral,No,No,No,['nan']
1545291925187690498,"https://docs.google.com/forms/d/e/1FAIpQLSffZugycOX3tUHW3uGhn5Cw0pj0fJDeIQf5oJ3EzZ-2vuj6Gg/viewform?entry.1274744182=https://twitter.com/Muroyksl/status/1545291925187690498&entry.653903203=28220&usp=pp_url
",Negative,No,Yes,No,['nan']
1597580678337794048,"https://docs.google.com/forms/d/e/1FAIpQLSffZugycOX3tUHW3uGhn5Cw0pj0fJDeIQf5oJ3EzZ-2vuj6Gg/viewform?entry.1274744182=https://twitter.com/Safie2022/status/1597580678337794048&entry.653903203=28220&usp=pp_url
",Neutral,Yes,Yes,No,['nan']
1444606927200268290,"https://docs.google.com/forms/d/e/1FAIpQLSffZugycOX3tUHW3uGhn5Cw0pj0fJDeIQf5oJ3EzZ-2vuj6Gg/viewform?entry.1274744182=https://twitter.com/yusufmlc/status/1444606927200268290&entry.653903203=28220&usp=pp_url
",Neutral,Yes,Yes,No,['Unemployment']
1593951219667574784,"https://docs.google.com/forms/d/e/1FAIpQLSffZugycOX3tUHW3uGhn5Cw0pj0fJDeIQf5oJ3EzZ-2vuj6Gg/viewform?entry.1274744182=https://twitter.com/TimDunk7/status/1593951219667574784&entry.653903203=28220&usp=pp_url
",Neutral,No,No,No,['nan']
1377682184794955779,"https://docs.google.com/forms/d/e/1FAIpQLSffZugycOX3tUHW3uGhn5Cw0pj0fJDeIQf5oJ3EzZ-2vuj6Gg/viewform?entry.1274744182=https://twitter.com/canihosrky/status/1377682184794955779&entry.653903203=28220&usp=pp_url
",Positive,No,No,No,['nan']
1592943006323134464,"https://docs.google.com/forms/d/e/1FAIpQLSffZugycOX3tUHW3uGhn5Cw0pj0fJDeIQf5oJ3EzZ-2vuj6Gg/viewform?entry.1274744182=https://twitter.com/almula07/status/1592943006323134464&entry.653903203=28220&usp=pp_url
",Neutral,No,No,No,['nan']
1346780229377945603,"https://docs.google.com/forms/d/e/1FAIpQLSffZugycOX3tUHW3uGhn5Cw0pj0fJDeIQf5oJ3EzZ-2vuj6Gg/viewform?entry.1274744182=https://twitter.com/SakaryaValiligi/status/1346780229377945603&entry.653903203=28220&usp=pp_url
",Positive,No,No,No,['nan']
1347275797694918656,"https://docs.google.com/forms/d/e/1FAIpQLSffZugycOX3tUHW3uGhn5Cw0pj0fJDeIQf5oJ3EzZ-2vuj6Gg/viewform?entry.1274744182=https://twitter.com/1hunlu/status/1347275797694918656&entry.653903203=28220&usp=pp_url
",Neutral,No,No,No,['Music&TV']
1586007068032499715,"https://docs.google.com/forms/d/e/1FAIpQLSffZugycOX3tUHW3uGhn5Cw0pj0fJDeIQf5oJ3EzZ-2vuj6Gg/viewform?entry.1274744182=https://twitter.com/1580gk/status/1586007068032499715&entry.653903203=28220&usp=pp_url
",Neutral,Yes,Yes,No,['Crime&justice']
1592440587923632128,"https://docs.google.com/forms/d/e/1FAIpQLSffZugycOX3tUHW3uGhn5Cw0pj0fJDeIQf5oJ3EzZ-2vuj6Gg/viewform?entry.1274744182=https://twitter.com/AzizErguven/status/1592440587923632128&entry.653903203=28220&usp=pp_url
",Neutral,No,Yes,No,['nan']
1595069509634760704,"https://docs.google.com/forms/d/e/1FAIpQLSffZugycOX3tUHW3uGhn5Cw0pj0fJDeIQf5oJ3EzZ-2vuj6Gg/viewform?entry.1274744182=https://twitter.com/yurtgazetesi/status/1595069509634760704&entry.653903203=28220&usp=pp_url
",Neutral,No,Yes,No,['News']
1588568792984346624,"https://docs.google.com/forms/d/e/1FAIpQLSffZugycOX3tUHW3uGhn5Cw0pj0fJDeIQf5oJ3EzZ-2vuj6Gg/viewform?entry.1274744182=https://twitter.com/Maviruh_/status/1588568792984346624&entry.653903203=28220&usp=pp_url
",Neutral,Yes,Yes,No,"['Unemployment', 'Education']"
1594242562537443331,"https://docs.google.com/forms/d/e/1FAIpQLSffZugycOX3tUHW3uGhn5Cw0pj0fJDeIQf5oJ3EzZ-2vuj6Gg/viewform?entry.1274744182=https://twitter.com/300ccc300/status/1594242562537443331&entry.653903203=28220&usp=pp_url
",Neutral,No,Yes,No,['Crime&justice']
1597511644447326208,"https://docs.google.com/forms/d/e/1FAIpQLSffZugycOX3tUHW3uGhn5Cw0pj0fJDeIQf5oJ3EzZ-2vuj6Gg/viewform?entry.1274744182=https://twitter.com/dmlaozbk/status/1597511644447326208&entry.653903203=28220&usp=pp_url
",Neutral,No,Yes,No,['nan']
1439547067337256967,"https://docs.google.com/forms/d/e/1FAIpQLSffZugycOX3tUHW3uGhn5Cw0pj0fJDeIQf5oJ3EzZ-2vuj6Gg/viewform?entry.1274744182=https://twitter.com/_melek_3451/status/1439547067337256967&entry.653903203=28220&usp=pp_url
",Neutral,No,No,No,['nan']
1549711160617877507,"https://docs.google.com/forms/d/e/1FAIpQLSffZugycOX3tUHW3uGhn5Cw0pj0fJDeIQf5oJ3EzZ-2vuj6Gg/viewform?entry.1274744182=https://twitter.com/MehmetBaktir4/status/1549711160617877507&entry.653903203=28220&usp=pp_url
",Neutral,Yes,Yes,No,"['Democracy', 'Crime&justice']"
1560283799287742465,"https://docs.google.com/forms/d/e/1FAIpQLSffZugycOX3tUHW3uGhn5Cw0pj0fJDeIQf5oJ3EzZ-2vuj6Gg/viewform?entry.1274744182=https://twitter.com/turki88562100/status/1560283799287742465&entry.653903203=28220&usp=pp_url
",Neutral,Yes,Yes,No,['Unemployment']
1596938008623992832,"https://docs.google.com/forms/d/e/1FAIpQLSffZugycOX3tUHW3uGhn5Cw0pj0fJDeIQf5oJ3EzZ-2vuj6Gg/viewform?entry.1274744182=https://twitter.com/Yagmur21d/status/1596938008623992832&entry.653903203=28220&usp=pp_url
",Neutral,No,No,No,['nan']
1583884231687958528,"https://docs.google.com/forms/d/e/1FAIpQLSffZugycOX3tUHW3uGhn5Cw0pj0fJDeIQf5oJ3EzZ-2vuj6Gg/viewform?entry.1274744182=https://twitter.com/Aykirises75/status/1583884231687958528&entry.653903203=28220&usp=pp_url
",Negative,No,Yes,No,['Democracy']
1597697604334194693,"https://docs.google.com/forms/d/e/1FAIpQLSffZugycOX3tUHW3uGhn5Cw0pj0fJDeIQf5oJ3EzZ-2vuj6Gg/viewform?entry.1274744182=https://twitter.com/policeoverhead/status/1597697604334194693&entry.653903203=28220&usp=pp_url
",Neutral,No,No,No,['nan']
1573252640326275073,"https://docs.google.com/forms/d/e/1FAIpQLSffZugycOX3tUHW3uGhn5Cw0pj0fJDeIQf5oJ3EzZ-2vuj6Gg/viewform?entry.1274744182=https://twitter.com/filozofalii/status/1573252640326275073&entry.653903203=28220&usp=pp_url
",Neutral,No,No,No,['nan']
1589993032975544320,"https://docs.google.com/forms/d/e/1FAIpQLSffZugycOX3tUHW3uGhn5Cw0pj0fJDeIQf5oJ3EzZ-2vuj6Gg/viewform?entry.1274744182=https://twitter.com/hasannegr/status/1589993032975544320&entry.653903203=28220&usp=pp_url
",Negative,No,Yes,No,['Democracy']
1591129580412207135,"https://docs.google.com/forms/d/e/1FAIpQLSffZugycOX3tUHW3uGhn5Cw0pj0fJDeIQf5oJ3EzZ-2vuj6Gg/viewform?entry.1274744182=https://twitter.com/yakuponal_28/status/1591129580412207135&entry.653903203=28220&usp=pp_url
",Neutral,Yes,Yes,No,['Unemployment']
1596522347628232706,"https://docs.google.com/forms/d/e/1FAIpQLSffZugycOX3tUHW3uGhn5Cw0pj0fJDeIQf5oJ3EzZ-2vuj6Gg/viewform?entry.1274744182=https://twitter.com/ZereyakFahri/status/1596522347628232706&entry.653903203=28220&usp=pp_url
",Negative,No,Yes,No,"['Democracy', 'Election']"
1562853131251118081,"https://docs.google.com/forms/d/e/1FAIpQLSffZugycOX3tUHW3uGhn5Cw0pj0fJDeIQf5oJ3EzZ-2vuj6Gg/viewform?entry.1274744182=https://twitter.com/akanturker/status/1562853131251118081&entry.653903203=28220&usp=pp_url
",Positive,Yes,Yes,No,['nan']
1361301722249842693,"https://docs.google.com/forms/d/e/1FAIpQLSffZugycOX3tUHW3uGhn5Cw0pj0fJDeIQf5oJ3EzZ-2vuj6Gg/viewform?entry.1274744182=https://twitter.com/liaa0723/status/1361301722249842693&entry.653903203=28220&usp=pp_url
",Neutral,No,No,No,['nan']
1552737619301261312,"https://docs.google.com/forms/d/e/1FAIpQLSffZugycOX3tUHW3uGhn5Cw0pj0fJDeIQf5oJ3EzZ-2vuj6Gg/viewform?entry.1274744182=https://twitter.com/fatihyuksel58/status/1552737619301261312&entry.653903203=28220&usp=pp_url
",Positive,No,Yes,No,['nan']
1585235078195875841,"https://docs.google.com/forms/d/e/1FAIpQLSffZugycOX3tUHW3uGhn5Cw0pj0fJDeIQf5oJ3EzZ-2vuj6Gg/viewform?entry.1274744182=https://twitter.com/burakas46659711/status/1585235078195875841&entry.653903203=28220&usp=pp_url
",Neutral,No,No,No,['nan']
1577024342268837888,"https://docs.google.com/forms/d/e/1FAIpQLSffZugycOX3tUHW3uGhn5Cw0pj0fJDeIQf5oJ3EzZ-2vuj6Gg/viewform?entry.1274744182=https://twitter.com/HasAngarali/status/1577024342268837888&entry.653903203=28220&usp=pp_url
",Negative,No,Yes,No,['Crime&justice']
1389286326139240448,"https://docs.google.com/forms/d/e/1FAIpQLSffZugycOX3tUHW3uGhn5Cw0pj0fJDeIQf5oJ3EzZ-2vuj6Gg/viewform?entry.1274744182=https://twitter.com/Irfandemir19611/status/1389286326139240448&entry.653903203=28220&usp=pp_url
",Negative,No,No,No,['nan']
1597274845381029888,"https://docs.google.com/forms/d/e/1FAIpQLSffZugycOX3tUHW3uGhn5Cw0pj0fJDeIQf5oJ3EzZ-2vuj6Gg/viewform?entry.1274744182=https://twitter.com/ygzunsl/status/1597274845381029888&entry.653903203=28220&usp=pp_url
",Neutral,Yes,Yes,No,['Crime&justice']
1593286814571417605,"https://docs.google.com/forms/d/e/1FAIpQLSffZugycOX3tUHW3uGhn5Cw0pj0fJDeIQf5oJ3EzZ-2vuj6Gg/viewform?entry.1274744182=https://twitter.com/AslanKardesim3/status/1593286814571417605&entry.653903203=28220&usp=pp_url
",Neutral,Yes,Yes,No,['Crime&justice']
1559963768372740098,"https://docs.google.com/forms/d/e/1FAIpQLSffZugycOX3tUHW3uGhn5Cw0pj0fJDeIQf5oJ3EzZ-2vuj6Gg/viewform?entry.1274744182=https://twitter.com/awfhdsr6/status/1559963768372740098&entry.653903203=28220&usp=pp_url
",Neutral,Yes,Yes,No,['nan']
1597549571348918273,"https://docs.google.com/forms/d/e/1FAIpQLSffZugycOX3tUHW3uGhn5Cw0pj0fJDeIQf5oJ3EzZ-2vuj6Gg/viewform?entry.1274744182=https://twitter.com/UluYaman1/status/1597549571348918273&entry.653903203=28220&usp=pp_url
",Negative,Yes,Yes,No,['nan']
1595830872846073857,"https://docs.google.com/forms/d/e/1FAIpQLSffZugycOX3tUHW3uGhn5Cw0pj0fJDeIQf5oJ3EzZ-2vuj6Gg/viewform?entry.1274744182=https://twitter.com/ayten_lan/status/1595830872846073857&entry.653903203=28220&usp=pp_url
",Neutral,Yes,Yes,No,['Crime&justice']
1596514890084220928,"https://docs.google.com/forms/d/e/1FAIpQLSffZugycOX3tUHW3uGhn5Cw0pj0fJDeIQf5oJ3EzZ-2vuj6Gg/viewform?entry.1274744182=https://twitter.com/KlMurtaza/status/1596514890084220928&entry.653903203=28220&usp=pp_url
",Negative,No,Yes,No,['nan']
1585651759204208642,"https://docs.google.com/forms/d/e/1FAIpQLSffZugycOX3tUHW3uGhn5Cw0pj0fJDeIQf5oJ3EzZ-2vuj6Gg/viewform?entry.1274744182=https://twitter.com/Seyhannky/status/1585651759204208642&entry.653903203=28220&usp=pp_url
",Neutral,Yes,Yes,No,['Unemployment']
1591134795379396608,"https://docs.google.com/forms/d/e/1FAIpQLSffZugycOX3tUHW3uGhn5Cw0pj0fJDeIQf5oJ3EzZ-2vuj6Gg/viewform?entry.1274744182=https://twitter.com/nurayytugbaa/status/1591134795379396608&entry.653903203=28220&usp=pp_url
",Neutral,Yes,Yes,No,"['Unemployment', 'Education']"
1596181708428439553,"https://docs.google.com/forms/d/e/1FAIpQLSffZugycOX3tUHW3uGhn5Cw0pj0fJDeIQf5oJ3EzZ-2vuj6Gg/viewform?entry.1274744182=https://twitter.com/HaticeGuncu/status/1596181708428439553&entry.653903203=28220&usp=pp_url
",Neutral,Yes,Yes,No,['Unemployment']
1407995559365984259,"https://docs.google.com/forms/d/e/1FAIpQLSffZugycOX3tUHW3uGhn5Cw0pj0fJDeIQf5oJ3EzZ-2vuj6Gg/viewform?entry.1274744182=https://twitter.com/AliNaci_1903/status/1407995559365984259&entry.653903203=28220&usp=pp_url
",Neutral,No,No,No,['Sports']
1422462874425962512,"https://docs.google.com/forms/d/e/1FAIpQLSffZugycOX3tUHW3uGhn5Cw0pj0fJDeIQf5oJ3EzZ-2vuj6Gg/viewform?entry.1274744182=https://twitter.com/fedai032016/status/1422462874425962512&entry.653903203=28220&usp=pp_url
",Negative,No,No,No,['Sports']
1583477966373543936,"https://docs.google.com/forms/d/e/1FAIpQLSffZugycOX3tUHW3uGhn5Cw0pj0fJDeIQf5oJ3EzZ-2vuj6Gg/viewform?entry.1274744182=https://twitter.com/tr3424910214991/status/1583477966373543936&entry.653903203=28220&usp=pp_url
",Negative,No,Yes,No,['Democracy']
1591987769802645505,"https://docs.google.com/forms/d/e/1FAIpQLSffZugycOX3tUHW3uGhn5Cw0pj0fJDeIQf5oJ3EzZ-2vuj6Gg/viewform?entry.1274744182=https://twitter.com/nkulunk/status/1591987769802645505&entry.653903203=28220&usp=pp_url
",Neutral,No,No,No,['nan']
1352635736537882629,"https://docs.google.com/forms/d/e/1FAIpQLSffZugycOX3tUHW3uGhn5Cw0pj0fJDeIQf5oJ3EzZ-2vuj6Gg/viewform?entry.1274744182=https://twitter.com/Limit_less_Life/status/1352635736537882629&entry.653903203=28220&usp=pp_url
",Neutral,No,No,No,['Health']
1397139506088775682,"https://docs.google.com/forms/d/e/1FAIpQLSffZugycOX3tUHW3uGhn5Cw0pj0fJDeIQf5oJ3EzZ-2vuj6Gg/viewform?entry.1274744182=https://twitter.com/Okacmaz72/status/1397139506088775682&entry.653903203=28220&usp=pp_url
",Neutral,No,No,No,['nan']
1579403044411699200,"https://docs.google.com/forms/d/e/1FAIpQLSffZugycOX3tUHW3uGhn5Cw0pj0fJDeIQf5oJ3EzZ-2vuj6Gg/viewform?entry.1274744182=https://twitter.com/selbihankurtel/status/1579403044411699200&entry.653903203=28220&usp=pp_url
",Neutral,No,Yes,No,['nan']
1594032375582711809,"https://docs.google.com/forms/d/e/1FAIpQLSffZugycOX3tUHW3uGhn5Cw0pj0fJDeIQf5oJ3EzZ-2vuj6Gg/viewform?entry.1274744182=https://twitter.com/Bilalipk1/status/1594032375582711809&entry.653903203=28220&usp=pp_url
",Neutral,Yes,Yes,No,['Unemployment']
1583787085302939649,"https://docs.google.com/forms/d/e/1FAIpQLSffZugycOX3tUHW3uGhn5Cw0pj0fJDeIQf5oJ3EzZ-2vuj6Gg/viewform?entry.1274744182=https://twitter.com/canozum91/status/1583787085302939649&entry.653903203=28220&usp=pp_url
",Neutral,Yes,Yes,No,['Crime&justice']
1593649159009099777,"https://docs.google.com/forms/d/e/1FAIpQLSffZugycOX3tUHW3uGhn5Cw0pj0fJDeIQf5oJ3EzZ-2vuj6Gg/viewform?entry.1274744182=https://twitter.com/Ahmetbaran70/status/1593649159009099777&entry.653903203=28220&usp=pp_url
",Negative,No,Yes,No,['nan']
1573068316620771328,"https://docs.google.com/forms/d/e/1FAIpQLSffZugycOX3tUHW3uGhn5Cw0pj0fJDeIQf5oJ3EzZ-2vuj6Gg/viewform?entry.1274744182=https://twitter.com/cinola27/status/1573068316620771328&entry.653903203=28220&usp=pp_url
",Negative,No,Yes,No,['Democracy']
1596896740053250048,"https://docs.google.com/forms/d/e/1FAIpQLSffZugycOX3tUHW3uGhn5Cw0pj0fJDeIQf5oJ3EzZ-2vuj6Gg/viewform?entry.1274744182=https://twitter.com/dilarabalkk/status/1596896740053250048&entry.653903203=28220&usp=pp_url
",Neutral,Yes,Yes,No,"['Unemployment', 'Health']"
1586281479675469824,"https://docs.google.com/forms/d/e/1FAIpQLSffZugycOX3tUHW3uGhn5Cw0pj0fJDeIQf5oJ3EzZ-2vuj6Gg/viewform?entry.1274744182=https://twitter.com/456ALPASLAN/status/1586281479675469824&entry.653903203=28220&usp=pp_url
",Neutral,No,Yes,No,['nan']
1405469992779456516,"https://docs.google.com/forms/d/e/1FAIpQLSffZugycOX3tUHW3uGhn5Cw0pj0fJDeIQf5oJ3EzZ-2vuj6Gg/viewform?entry.1274744182=https://twitter.com/BenzuIsma/status/1405469992779456516&entry.653903203=28220&usp=pp_url
",Neutral,No,No,No,['Music&TV']
1395863686485528581,"https://docs.google.com/forms/d/e/1FAIpQLSffZugycOX3tUHW3uGhn5Cw0pj0fJDeIQf5oJ3EzZ-2vuj6Gg/viewform?entry.1274744182=https://twitter.com/esposbajocero/status/1395863686485528581&entry.653903203=28220&usp=pp_url
",Neutral,No,No,No,['nan']
1356664092908478470,"https://docs.google.com/forms/d/e/1FAIpQLSffZugycOX3tUHW3uGhn5Cw0pj0fJDeIQf5oJ3EzZ-2vuj6Gg/viewform?entry.1274744182=https://twitter.com/linniessaa/status/1356664092908478470&entry.653903203=28220&usp=pp_url
",Neutral,No,No,No,['nan']
1588012611731607552,"https://docs.google.com/forms/d/e/1FAIpQLSffZugycOX3tUHW3uGhn5Cw0pj0fJDeIQf5oJ3EzZ-2vuj6Gg/viewform?entry.1274744182=https://twitter.com/o_ozsavas/status/1588012611731607552&entry.653903203=28220&usp=pp_url
",Positive,No,No,No,['nan']
1597829964774055936,"https://docs.google.com/forms/d/e/1FAIpQLSffZugycOX3tUHW3uGhn5Cw0pj0fJDeIQf5oJ3EzZ-2vuj6Gg/viewform?entry.1274744182=https://twitter.com/VMuallime/status/1597829964774055936&entry.653903203=28220&usp=pp_url
",Neutral,Yes,Yes,No,"['Unemployment', 'Education']"
1595357036925026306,"https://docs.google.com/forms/d/e/1FAIpQLSffZugycOX3tUHW3uGhn5Cw0pj0fJDeIQf5oJ3EzZ-2vuj6Gg/viewform?entry.1274744182=https://twitter.com/Zeynepvcl/status/1595357036925026306&entry.653903203=28220&usp=pp_url
",Neutral,Yes,Yes,No,"['Unemployment', 'Education']"
1451221579095056391,"https://docs.google.com/forms/d/e/1FAIpQLSffZugycOX3tUHW3uGhn5Cw0pj0fJDeIQf5oJ3EzZ-2vuj6Gg/viewform?entry.1274744182=https://twitter.com/iyilikseveranne/status/1451221579095056391&entry.653903203=28220&usp=pp_url
",Positive,No,No,No,['nan']
1588170952151805952,"https://docs.google.com/forms/d/e/1FAIpQLSffZugycOX3tUHW3uGhn5Cw0pj0fJDeIQf5oJ3EzZ-2vuj6Gg/viewform?entry.1274744182=https://twitter.com/ilhame60920805/status/1588170952151805952&entry.653903203=28220&usp=pp_url
",Neutral,Yes,Yes,No,['nan']
1415032260571680768,"https://docs.google.com/forms/d/e/1FAIpQLSffZugycOX3tUHW3uGhn5Cw0pj0fJDeIQf5oJ3EzZ-2vuj6Gg/viewform?entry.1274744182=https://twitter.com/savasxozkan/status/1415032260571680768&entry.653903203=28220&usp=pp_url
",Neutral,No,No,No,['Sports']
